469-30: Beherbergungsbetriebe, G�stebetten, -�bernachtungen, -ank�nfte nach Betriebsarten (Monatszahlen);;;;;
Gebietsschl�ssel;Gebietseinheit;Zeit;Betriebsart;Tourismus (Monatszahlen) 1);Tourismus (Monatszahlen) 1)
;;;;G�ste�bernachtungen;G�steank�nfte
;;;;insgesamt;insgesamt
4011;Stadt Bremen;2018-08;Hotels, Hotels garnis, Gasth�fe, Pensionen;176493;102430
4011;Stadt Bremen;2018-08;Sonstige Einrichtungen 3);15089;3330
4011;Stadt Bremen;2018-08;Insgesamt;191582;105760
4011;Stadt Bremen;2018-07;Hotels, Hotels garnis, Gasth�fe, Pensionen;152444;87990
4011;Stadt Bremen;2018-07;Sonstige Einrichtungen 3);13855;2959
4011;Stadt Bremen;2018-07;Insgesamt;166299;90949
4011;Stadt Bremen;2018-06;Hotels, Hotels garnis, Gasth�fe, Pensionen;163785;93459
4011;Stadt Bremen;2018-06;Sonstige Einrichtungen 3);14274;3011
4011;Stadt Bremen;2018-06;Insgesamt;178059;96470
4011;Stadt Bremen;2018-05;Hotels, Hotels garnis, Gasth�fe, Pensionen;166837;94775
4011;Stadt Bremen;2018-05;Sonstige Einrichtungen 3);13714;3272
4011;Stadt Bremen;2018-05;Insgesamt;180551;98047
4011;Stadt Bremen;2018-04;Hotels, Hotels garnis, Gasth�fe, Pensionen;161139;92813
4011;Stadt Bremen;2018-04;Sonstige Einrichtungen 3);12228;2648
4011;Stadt Bremen;2018-04;Insgesamt;173367;95461
4011;Stadt Bremen;2018-03;Hotels, Hotels garnis, Gasth�fe, Pensionen;141357;81357
4011;Stadt Bremen;2018-03;Sonstige Einrichtungen 3);12570;2536
4011;Stadt Bremen;2018-03;Insgesamt;153927;83893
4011;Stadt Bremen;2018-02;Hotels, Hotels garnis, Gasth�fe, Pensionen;131532;76680
4011;Stadt Bremen;2018-02;Sonstige Einrichtungen 3);11177;2115
4011;Stadt Bremen;2018-02;Insgesamt;142709;78795
4011;Stadt Bremen;2018-01;Hotels, Hotels garnis, Gasth�fe, Pensionen;121474;72080
4011;Stadt Bremen;2018-01;Sonstige Einrichtungen 3);9224;1576
4011;Stadt Bremen;2018-01;Insgesamt;130698;73656
4011;Stadt Bremen;2017-12;Hotels, Hotels garnis, Gasth�fe, Pensionen;163968;94604
4011;Stadt Bremen;2017-12;Sonstige Einrichtungen 3);10925;2123
4011;Stadt Bremen;2017-12;Insgesamt;174893;96727
4011;Stadt Bremen;2017-11;Hotels, Hotels garnis, Gasth�fe, Pensionen;152793;89681
4011;Stadt Bremen;2017-11;Sonstige Einrichtungen 3);13303;2718
4011;Stadt Bremen;2017-11;Insgesamt;166096;92399
4011;Stadt Bremen;2017-10;Hotels, Hotels garnis, Gasth�fe, Pensionen;170548;96243
4011;Stadt Bremen;2017-10;Sonstige Einrichtungen 3);14333;3415
4011;Stadt Bremen;2017-10;Insgesamt;184881;99658
4011;Stadt Bremen;2017-09;Hotels, Hotels garnis, Gasth�fe, Pensionen;171550;97772
4011;Stadt Bremen;2017-09;Sonstige Einrichtungen 3);14315;3760
4011;Stadt Bremen;2017-09;Insgesamt;185865;101532
4011;Stadt Bremen;2017-08;Hotels, Hotels garnis, Gasth�fe, Pensionen;168929;94993
4011;Stadt Bremen;2017-08;Sonstige Einrichtungen 3);14557;3747
4011;Stadt Bremen;2017-08;Insgesamt;183486;98740
4011;Stadt Bremen;2017-07;Hotels, Hotels garnis, Gasth�fe, Pensionen;153866;88159
4011;Stadt Bremen;2017-07;Sonstige Einrichtungen 3);13995;3661
4011;Stadt Bremen;2017-07;Insgesamt;167861;91820
4011;Stadt Bremen;2017-06;Hotels, Hotels garnis, Gasth�fe, Pensionen;152970;87768
4011;Stadt Bremen;2017-06;Sonstige Einrichtungen 3);14332;3969
4011;Stadt Bremen;2017-06;Insgesamt;167302;91737
4011;Stadt Bremen;2017-05;Hotels, Hotels garnis, Gasth�fe, Pensionen;163352;94059
4011;Stadt Bremen;2017-05;Sonstige Einrichtungen 3);14653;3473
4011;Stadt Bremen;2017-05;Insgesamt;178005;97532
4011;Stadt Bremen;2017-04;Hotels, Hotels garnis, Gasth�fe, Pensionen;149865;86571
4011;Stadt Bremen;2017-04;Sonstige Einrichtungen 3);13991;3423
4011;Stadt Bremen;2017-04;Insgesamt;163856;89994
4011;Stadt Bremen;2017-03;Hotels, Hotels garnis, Gasth�fe, Pensionen;134793;80827
4011;Stadt Bremen;2017-03;Sonstige Einrichtungen 3);14420;2900
4011;Stadt Bremen;2017-03;Insgesamt;149213;83727
4011;Stadt Bremen;2017-02;Hotels, Hotels garnis, Gasth�fe, Pensionen;119149;71231
4011;Stadt Bremen;2017-02;Sonstige Einrichtungen 3);10895;2129
4011;Stadt Bremen;2017-02;Insgesamt;130044;73360
4011;Stadt Bremen;2017-01;Hotels, Hotels garnis, Gasth�fe, Pensionen;110495;67141
4011;Stadt Bremen;2017-01;Sonstige Einrichtungen 3);10759;2125
4011;Stadt Bremen;2017-01;Insgesamt;121254;69266
4011;Stadt Bremen;2016-12;Hotels, Hotels garnis, Gasth�fe, Pensionen;149675;89032
4011;Stadt Bremen;2016-12;Sonstige Einrichtungen 3);11660;2386
4011;Stadt Bremen;2016-12;Insgesamt;161335;91418
4011;Stadt Bremen;2016-11;Hotels, Hotels garnis, Gasth�fe, Pensionen;148395;88135
4011;Stadt Bremen;2016-11;Sonstige Einrichtungen 3);12958;2677
4011;Stadt Bremen;2016-11;Insgesamt;161353;90812
4011;Stadt Bremen;2016-10;Hotels, Hotels garnis, Gasth�fe, Pensionen;169890;96294
4011;Stadt Bremen;2016-10;Sonstige Einrichtungen 3);14810;3477
4011;Stadt Bremen;2016-10;Insgesamt;184700;99771
4011;Stadt Bremen;2016-09;Hotels, Hotels garnis, Gasth�fe, Pensionen;167234;96083
4011;Stadt Bremen;2016-09;Sonstige Einrichtungen 3);15761;3658
4011;Stadt Bremen;2016-09;Insgesamt;182995;99741
4011;Stadt Bremen;2016-08;Hotels, Hotels garnis, Gasth�fe, Pensionen;161448;91722
4011;Stadt Bremen;2016-08;Sonstige Einrichtungen 3);15887;3888
4011;Stadt Bremen;2016-08;Insgesamt;177335;95610
4011;Stadt Bremen;2016-07;Hotels, Hotels garnis, Gasth�fe, Pensionen;142027;80521
4011;Stadt Bremen;2016-07;Sonstige Einrichtungen 3);15686;3861
4011;Stadt Bremen;2016-07;Insgesamt;157713;84382
4011;Stadt Bremen;2016-06;Hotels, Hotels garnis, Gasth�fe, Pensionen;144791;83447
4011;Stadt Bremen;2016-06;Sonstige Einrichtungen 3);15722;3480
4011;Stadt Bremen;2016-06;Insgesamt;160513;86927
4011;Stadt Bremen;2016-05;Hotels, Hotels garnis, Gasth�fe, Pensionen;159840;87893
4011;Stadt Bremen;2016-05;Sonstige Einrichtungen 3);15165;3539
4011;Stadt Bremen;2016-05;Insgesamt;175005;91432
4011;Stadt Bremen;2016-04;Hotels, Hotels garnis, Gasth�fe, Pensionen;153846;89356
4011;Stadt Bremen;2016-04;Sonstige Einrichtungen 3);14421;2956
4011;Stadt Bremen;2016-04;Insgesamt;168267;92312
4011;Stadt Bremen;2016-03;Hotels, Hotels garnis, Gasth�fe, Pensionen;134409;74882
4011;Stadt Bremen;2016-03;Sonstige Einrichtungen 3);14794;2983
4011;Stadt Bremen;2016-03;Insgesamt;149203;77865
4011;Stadt Bremen;2016-02;Hotels, Hotels garnis, Gasth�fe, Pensionen;130507;75678
4011;Stadt Bremen;2016-02;Sonstige Einrichtungen 3);11844;1919
4011;Stadt Bremen;2016-02;Insgesamt;142351;77597
4011;Stadt Bremen;2016-01;Hotels, Hotels garnis, Gasth�fe, Pensionen;108974;62897
4011;Stadt Bremen;2016-01;Sonstige Einrichtungen 3);14381;1874
4011;Stadt Bremen;2016-01;Insgesamt;123355;64771
4011;Stadt Bremen;2015-12;Hotels, Hotels garnis, Gasth�fe, Pensionen;149004;87491
4011;Stadt Bremen;2015-12;Sonstige Einrichtungen 3);14293;2126
4011;Stadt Bremen;2015-12;Insgesamt;163297;89617
4011;Stadt Bremen;2015-11;Hotels, Hotels garnis, Gasth�fe, Pensionen;153293;87993
4011;Stadt Bremen;2015-11;Sonstige Einrichtungen 3);12759;2720
4011;Stadt Bremen;2015-11;Insgesamt;166052;90713
4011;Stadt Bremen;2015-10;Hotels, Hotels garnis, Gasth�fe, Pensionen;173429;98219
4011;Stadt Bremen;2015-10;Sonstige Einrichtungen 3);15935;3707
4011;Stadt Bremen;2015-10;Insgesamt;189364;101926
4011;Stadt Bremen;2015-09;Hotels, Hotels garnis, Gasth�fe, Pensionen;163067;92702
4011;Stadt Bremen;2015-09;Sonstige Einrichtungen 3);14467;3389
4011;Stadt Bremen;2015-09;Insgesamt;177534;96091
4011;Stadt Bremen;2015-08;Hotels, Hotels garnis, Gasth�fe, Pensionen;157586;87325
4011;Stadt Bremen;2015-08;Sonstige Einrichtungen 3);15008;3586
4011;Stadt Bremen;2015-08;Insgesamt;172594;90911
4011;Stadt Bremen;2015-07;Hotels, Hotels garnis, Gasth�fe, Pensionen;153089;88303
4011;Stadt Bremen;2015-07;Sonstige Einrichtungen 3);16219;3967
4011;Stadt Bremen;2015-07;Insgesamt;169308;92270
4011;Stadt Bremen;2015-06;Hotels, Hotels garnis, Gasth�fe, Pensionen;154135;88761
4011;Stadt Bremen;2015-06;Sonstige Einrichtungen 3);14825;3554
4011;Stadt Bremen;2015-06;Insgesamt;168960;92315
4011;Stadt Bremen;2015-05;Hotels, Hotels garnis, Gasth�fe, Pensionen;158045;88171
4011;Stadt Bremen;2015-05;Sonstige Einrichtungen 3);16107;3721
4011;Stadt Bremen;2015-05;Insgesamt;174152;91892
4011;Stadt Bremen;2015-04;Hotels, Hotels garnis, Gasth�fe, Pensionen;136248;79347
4011;Stadt Bremen;2015-04;Sonstige Einrichtungen 3);13855;2862
4011;Stadt Bremen;2015-04;Insgesamt;150103;82209
4011;Stadt Bremen;2015-03;Hotels, Hotels garnis, Gasth�fe, Pensionen;131369;75231
4011;Stadt Bremen;2015-03;Sonstige Einrichtungen 3);15410;2903
4011;Stadt Bremen;2015-03;Insgesamt;146779;78134
4011;Stadt Bremen;2015-02;Hotels, Hotels garnis, Gasth�fe, Pensionen;117079;68576
4011;Stadt Bremen;2015-02;Sonstige Einrichtungen 3);13786;2431
4011;Stadt Bremen;2015-02;Insgesamt;130865;71007
4011;Stadt Bremen;2015-01;Hotels, Hotels garnis, Gasth�fe, Pensionen;111513;63832
4011;Stadt Bremen;2015-01;Sonstige Einrichtungen 3);12709;2251
4011;Stadt Bremen;2015-01;Insgesamt;124222;66083
4011;Stadt Bremen;2014-12;Hotels, Hotels garnis, Gasth�fe, Pensionen;144775;83815
4011;Stadt Bremen;2014-12;Sonstige Einrichtungen 3);14697;2728
4011;Stadt Bremen;2014-12;Insgesamt;159472;86543
4011;Stadt Bremen;2014-11;Hotels, Hotels garnis, Gasth�fe, Pensionen;160341;86314
4011;Stadt Bremen;2014-11;Sonstige Einrichtungen 3);15075;2678
4011;Stadt Bremen;2014-11;Insgesamt;175416;88992
4011;Stadt Bremen;2014-10;Hotels, Hotels garnis, Gasth�fe, Pensionen;172140;98423
4011;Stadt Bremen;2014-10;Sonstige Einrichtungen 3);15978;3554
4011;Stadt Bremen;2014-10;Insgesamt;188118;101977
4011;Stadt Bremen;2014-09;Hotels, Hotels garnis, Gasth�fe, Pensionen;154124;88012
4011;Stadt Bremen;2014-09;Sonstige Einrichtungen 3);15430;3691
4011;Stadt Bremen;2014-09;Insgesamt;169554;91703
4011;Stadt Bremen;2014-08;Hotels, Hotels garnis, Gasth�fe, Pensionen;148902;81635
4011;Stadt Bremen;2014-08;Sonstige Einrichtungen 3);14768;3390
4011;Stadt Bremen;2014-08;Insgesamt;163670;85025
4011;Stadt Bremen;2014-07;Hotels, Hotels garnis, Gasth�fe, Pensionen;141677;81709
4011;Stadt Bremen;2014-07;Sonstige Einrichtungen 3);16805;4082
4011;Stadt Bremen;2014-07;Insgesamt;158482;85791
4011;Stadt Bremen;2014-06;Hotels, Hotels garnis, Gasth�fe, Pensionen;137744;78633
4011;Stadt Bremen;2014-06;Sonstige Einrichtungen 3);13791;3243
4011;Stadt Bremen;2014-06;Insgesamt;151535;81876
4011;Stadt Bremen;2014-05;Hotels, Hotels garnis, Gasth�fe, Pensionen;153176;87167
4011;Stadt Bremen;2014-05;Sonstige Einrichtungen 3);15174;3399
4011;Stadt Bremen;2014-05;Insgesamt;168350;90566
4011;Stadt Bremen;2014-04;Hotels, Hotels garnis, Gasth�fe, Pensionen;127660;70611
4011;Stadt Bremen;2014-04;Sonstige Einrichtungen 3);14019;3237
4011;Stadt Bremen;2014-04;Insgesamt;141679;73848
4011;Stadt Bremen;2014-03;Hotels, Hotels garnis, Gasth�fe, Pensionen;132378;74329
4011;Stadt Bremen;2014-03;Sonstige Einrichtungen 3);13464;2610
4011;Stadt Bremen;2014-03;Insgesamt;145842;76939
4011;Stadt Bremen;2014-02;Hotels, Hotels garnis, Gasth�fe, Pensionen;117264;68947
4011;Stadt Bremen;2014-02;Sonstige Einrichtungen 3);11723;2445
4011;Stadt Bremen;2014-02;Insgesamt;128987;71392
4011;Stadt Bremen;2014-01;Hotels, Hotels garnis, Gasth�fe, Pensionen;104247;61662
4011;Stadt Bremen;2014-01;Sonstige Einrichtungen 3);7244;1643
4011;Stadt Bremen;2014-01;Insgesamt;111491;63305
4011;Stadt Bremen;2013-12;Hotels, Hotels garnis, Gasth�fe, Pensionen;139035;81172
4011;Stadt Bremen;2013-12;Sonstige Einrichtungen 3);7861;2087
4011;Stadt Bremen;2013-12;Insgesamt;146896;83259
4011;Stadt Bremen;2013-11;Hotels, Hotels garnis, Gasth�fe, Pensionen;142219;83753
4011;Stadt Bremen;2013-11;Sonstige Einrichtungen 3);8037;2502
4011;Stadt Bremen;2013-11;Insgesamt;150256;86255
4011;Stadt Bremen;2013-10;Hotels, Hotels garnis, Gasth�fe, Pensionen;149622;85594
4011;Stadt Bremen;2013-10;Sonstige Einrichtungen 3);10209;3636
4011;Stadt Bremen;2013-10;Insgesamt;159831;89230
4011;Stadt Bremen;2013-09;Hotels, Hotels garnis, Gasth�fe, Pensionen;149401;85592
4011;Stadt Bremen;2013-09;Sonstige Einrichtungen 3);9841;2887
4011;Stadt Bremen;2013-09;Insgesamt;159242;88479
4011;Stadt Bremen;2013-08;Hotels, Hotels garnis, Gasth�fe, Pensionen;144278;81517
4011;Stadt Bremen;2013-08;Sonstige Einrichtungen 3);10450;3831
4011;Stadt Bremen;2013-08;Insgesamt;154728;85348
4011;Stadt Bremen;2013-07;Hotels, Hotels garnis, Gasth�fe, Pensionen;129900;74720
4011;Stadt Bremen;2013-07;Sonstige Einrichtungen 3);10028;3554
4011;Stadt Bremen;2013-07;Insgesamt;139928;78274
4011;Stadt Bremen;2013-06;Hotels, Hotels garnis, Gasth�fe, Pensionen;133750;78015
4011;Stadt Bremen;2013-06;Sonstige Einrichtungen 3);8929;2871
4011;Stadt Bremen;2013-06;Insgesamt;142679;80886
4011;Stadt Bremen;2013-05;Hotels, Hotels garnis, Gasth�fe, Pensionen;145360;81897
4011;Stadt Bremen;2013-05;Sonstige Einrichtungen 3);9164;3317
4011;Stadt Bremen;2013-05;Insgesamt;154524;85214
4011;Stadt Bremen;2013-04;Hotels, Hotels garnis, Gasth�fe, Pensionen;126654;73144
4011;Stadt Bremen;2013-04;Sonstige Einrichtungen 3);9106;3069
4011;Stadt Bremen;2013-04;Insgesamt;135760;76213
4011;Stadt Bremen;2013-03;Hotels, Hotels garnis, Gasth�fe, Pensionen;108563;62397
4011;Stadt Bremen;2013-03;Sonstige Einrichtungen 3);8810;3344
4011;Stadt Bremen;2013-03;Insgesamt;117373;65741
4011;Stadt Bremen;2013-02;Hotels, Hotels garnis, Gasth�fe, Pensionen;103349;60401
4011;Stadt Bremen;2013-02;Sonstige Einrichtungen 3);6765;3688
4011;Stadt Bremen;2013-02;Insgesamt;110114;64089
4011;Stadt Bremen;2013-01;Hotels, Hotels garnis, Gasth�fe, Pensionen;96722;57271
4011;Stadt Bremen;2013-01;Sonstige Einrichtungen 3);3715;1830
4011;Stadt Bremen;2013-01;Insgesamt;100437;59101
4011;Stadt Bremen;2012-12;Hotels, Hotels garnis, Gasth�fe, Pensionen;122664;70336
4011;Stadt Bremen;2012-12;Sonstige Einrichtungen 3);3330;1643
4011;Stadt Bremen;2012-12;Insgesamt;125994;71979
4011;Stadt Bremen;2012-11;Hotels, Hotels garnis, Gasth�fe, Pensionen;130377;75932
4011;Stadt Bremen;2012-11;Sonstige Einrichtungen 3);4787;2353
4011;Stadt Bremen;2012-11;Insgesamt;135164;78285
4011;Stadt Bremen;2012-10;Hotels, Hotels garnis, Gasth�fe, Pensionen;143148;79280
4011;Stadt Bremen;2012-10;Sonstige Einrichtungen 3);7584;3359
4011;Stadt Bremen;2012-10;Insgesamt;150732;82639
4011;Stadt Bremen;2012-09;Hotels, Hotels garnis, Gasth�fe, Pensionen;141300;79252
4011;Stadt Bremen;2012-09;Sonstige Einrichtungen 3);7430;3126
4011;Stadt Bremen;2012-09;Insgesamt;148730;82378
4011;Stadt Bremen;2012-08;Hotels, Hotels garnis, Gasth�fe, Pensionen;117250;65311
4011;Stadt Bremen;2012-08;Sonstige Einrichtungen 3);7693;3147
4011;Stadt Bremen;2012-08;Insgesamt;124943;68458
4011;Stadt Bremen;2012-07;Hotels, Hotels garnis, Gasth�fe, Pensionen;122072;68670
4011;Stadt Bremen;2012-07;Sonstige Einrichtungen 3);7574;3492
4011;Stadt Bremen;2012-07;Insgesamt;129646;72162
4011;Stadt Bremen;2012-06;Hotels, Hotels garnis, Gasth�fe, Pensionen;126161;71559
4011;Stadt Bremen;2012-06;Sonstige Einrichtungen 3);6864;3279
4011;Stadt Bremen;2012-06;Insgesamt;133025;74838
4011;Stadt Bremen;2012-05;Hotels, Hotels garnis, Gasth�fe, Pensionen;124144;73840
4011;Stadt Bremen;2012-05;Sonstige Einrichtungen 3);7230;3136
4011;Stadt Bremen;2012-05;Insgesamt;131374;76976
4011;Stadt Bremen;2012-04;Hotels, Hotels garnis, Gasth�fe, Pensionen;116594;68067
4011;Stadt Bremen;2012-04;Sonstige Einrichtungen 3);6751;3079
4011;Stadt Bremen;2012-04;Insgesamt;123345;71146
4011;Stadt Bremen;2012-03;Hotels, Hotels garnis, Gasth�fe, Pensionen;109113;66384
4011;Stadt Bremen;2012-03;Sonstige Einrichtungen 3);6136;2890
4011;Stadt Bremen;2012-03;Insgesamt;115249;69274
4011;Stadt Bremen;2012-02;Hotels, Hotels garnis, Gasth�fe, Pensionen;106855;65893
4011;Stadt Bremen;2012-02;Sonstige Einrichtungen 3);2960;1573
4011;Stadt Bremen;2012-02;Insgesamt;109815;67466
4011;Stadt Bremen;2012-01;Hotels, Hotels garnis, Gasth�fe, Pensionen;96791;59513
4011;Stadt Bremen;2012-01;Sonstige Einrichtungen 3);2701;1418
4011;Stadt Bremen;2012-01;Insgesamt;99492;60931
4011;Stadt Bremen;2011-12;Hotels, Hotels garnis, Gasth�fe, Pensionen;121608;74691
4011;Stadt Bremen;2011-12;Sonstige Einrichtungen 3);3998;2043
4011;Stadt Bremen;2011-12;Insgesamt;125606;76734
4011;Stadt Bremen;2011-11;Hotels, Hotels garnis, Gasth�fe, Pensionen;127856;78588
4011;Stadt Bremen;2011-11;Sonstige Einrichtungen 3);5184;2530
4011;Stadt Bremen;2011-11;Insgesamt;133040;81118
4011;Stadt Bremen;2011-10;Hotels, Hotels garnis, Gasth�fe, Pensionen;140863;81306
4011;Stadt Bremen;2011-10;Sonstige Einrichtungen 3);7508;3798
4011;Stadt Bremen;2011-10;Insgesamt;148371;85104
4011;Stadt Bremen;2011-09;Hotels, Hotels garnis, Gasth�fe, Pensionen;138589;79995
4011;Stadt Bremen;2011-09;Sonstige Einrichtungen 3);7392;3753
4011;Stadt Bremen;2011-09;Insgesamt;145981;83748
4011;Stadt Bremen;2011-08;Hotels, Hotels garnis, Gasth�fe, Pensionen;128439;73706
4011;Stadt Bremen;2011-08;Sonstige Einrichtungen 3);7319;3711
4011;Stadt Bremen;2011-08;Insgesamt;135758;77417
4011;Stadt Bremen;2011-07;Hotels, Hotels garnis, Gasth�fe, Pensionen;122825;71705
4011;Stadt Bremen;2011-07;Sonstige Einrichtungen 3);7451;3803
4011;Stadt Bremen;2011-07;Insgesamt;130276;75508
4011;Stadt Bremen;2011-06;Hotels, Hotels garnis, Gasth�fe, Pensionen;124098;71384
4011;Stadt Bremen;2011-06;Sonstige Einrichtungen 3);8419;4134
4011;Stadt Bremen;2011-06;Insgesamt;132517;75518
4011;Stadt Bremen;2011-05;Hotels, Hotels garnis, Gasth�fe, Pensionen;138520;82328
4011;Stadt Bremen;2011-05;Sonstige Einrichtungen 3);7673;3307
4011;Stadt Bremen;2011-05;Insgesamt;146193;85635
4011;Stadt Bremen;2011-04;Hotels, Hotels garnis, Gasth�fe, Pensionen;118003;69429
4011;Stadt Bremen;2011-04;Sonstige Einrichtungen 3);6827;3055
4011;Stadt Bremen;2011-04;Insgesamt;124830;72484
4011;Stadt Bremen;2011-03;Hotels, Hotels garnis, Gasth�fe, Pensionen;110055;66883
4011;Stadt Bremen;2011-03;Sonstige Einrichtungen 3);6069;2828
4011;Stadt Bremen;2011-03;Insgesamt;116124;69711
4011;Stadt Bremen;2011-02;Hotels, Hotels garnis, Gasth�fe, Pensionen;95964;57950
4011;Stadt Bremen;2011-02;Sonstige Einrichtungen 3);4536;2152
4011;Stadt Bremen;2011-02;Insgesamt;100500;60102
4011;Stadt Bremen;2011-01;Hotels, Hotels garnis, Gasth�fe, Pensionen;85701;53160
4011;Stadt Bremen;2011-01;Sonstige Einrichtungen 3);3896;1968
4011;Stadt Bremen;2011-01;Insgesamt;89597;55128
4011;Stadt Bremen;2010-12;Hotels, Hotels garnis, Gasth�fe, Pensionen;118622;73864
4011;Stadt Bremen;2010-12;Sonstige Einrichtungen 3);4238;2155
4011;Stadt Bremen;2010-12;Insgesamt;122860;76019
4011;Stadt Bremen;2010-11;Hotels, Hotels garnis, Gasth�fe, Pensionen;118318;73892
4011;Stadt Bremen;2010-11;Sonstige Einrichtungen 3);5269;2687
4011;Stadt Bremen;2010-11;Insgesamt;123587;76579
4011;Stadt Bremen;2010-10;Hotels, Hotels garnis, Gasth�fe, Pensionen;141660;83160
4011;Stadt Bremen;2010-10;Sonstige Einrichtungen 3);8220;3860
4011;Stadt Bremen;2010-10;Insgesamt;149880;87020
4011;Stadt Bremen;2010-09;Hotels, Hotels garnis, Gasth�fe, Pensionen;130720;78666
4011;Stadt Bremen;2010-09;Sonstige Einrichtungen 3);7069;3308
4011;Stadt Bremen;2010-09;Insgesamt;137789;81974
4011;Stadt Bremen;2010-08;Hotels, Hotels garnis, Gasth�fe, Pensionen;121270;70720
4011;Stadt Bremen;2010-08;Sonstige Einrichtungen 3);8133;4111
4011;Stadt Bremen;2010-08;Insgesamt;129403;74831
4011;Stadt Bremen;2010-07;Hotels, Hotels garnis, Gasth�fe, Pensionen;114160;63937
4011;Stadt Bremen;2010-07;Sonstige Einrichtungen 3);7512;3583
4011;Stadt Bremen;2010-07;Insgesamt;121672;67520
4011;Stadt Bremen;2010-06;Hotels, Hotels garnis, Gasth�fe, Pensionen;112744;67515
4011;Stadt Bremen;2010-06;Sonstige Einrichtungen 3);7245;3364
4011;Stadt Bremen;2010-06;Insgesamt;119989;70879
4011;Stadt Bremen;2010-05;Hotels, Hotels garnis, Gasth�fe, Pensionen;118927;70721
4011;Stadt Bremen;2010-05;Sonstige Einrichtungen 3);8667;3985
4011;Stadt Bremen;2010-05;Insgesamt;127594;74706
4011;Stadt Bremen;2010-04;Hotels, Hotels garnis, Gasth�fe, Pensionen;109150;66658
4011;Stadt Bremen;2010-04;Sonstige Einrichtungen 3);6574;2932
4011;Stadt Bremen;2010-04;Insgesamt;115724;69590
4011;Stadt Bremen;2010-03;Hotels, Hotels garnis, Gasth�fe, Pensionen;96728;57192
4011;Stadt Bremen;2010-03;Sonstige Einrichtungen 3);8100;3437
4011;Stadt Bremen;2010-03;Insgesamt;104828;60629
4011;Stadt Bremen;2010-02;Hotels, Hotels garnis, Gasth�fe, Pensionen;92798;56935
4011;Stadt Bremen;2010-02;Sonstige Einrichtungen 3);4929;2203
4011;Stadt Bremen;2010-02;Insgesamt;97727;59138
4011;Stadt Bremen;2010-01;Hotels, Hotels garnis, Gasth�fe, Pensionen;77657;46693
4011;Stadt Bremen;2010-01;Sonstige Einrichtungen 3);2619;1141
4011;Stadt Bremen;2010-01;Insgesamt;80276;47834
4011;Stadt Bremen;2009-12;Hotels, Hotels garnis, Gasth�fe, Pensionen;105902;62584
4011;Stadt Bremen;2009-12;Sonstige Einrichtungen 3);3496;1619
4011;Stadt Bremen;2009-12;Insgesamt;109398;64203
4011;Stadt Bremen;2009-11;Hotels, Hotels garnis, Gasth�fe, Pensionen;104038;63149
4011;Stadt Bremen;2009-11;Sonstige Einrichtungen 3);4799;2402
4011;Stadt Bremen;2009-11;Insgesamt;108837;65551
4011;Stadt Bremen;2009-10;Hotels, Hotels garnis, Gasth�fe, Pensionen;120058;69287
4011;Stadt Bremen;2009-10;Sonstige Einrichtungen 3);7688;3519
4011;Stadt Bremen;2009-10;Insgesamt;127746;72806
4011;Stadt Bremen;2009-09;Hotels, Hotels garnis, Gasth�fe, Pensionen;117982;67154
4011;Stadt Bremen;2009-09;Sonstige Einrichtungen 3);8663;3501
4011;Stadt Bremen;2009-09;Insgesamt;126645;70655
4011;Stadt Bremen;2009-08;Hotels, Hotels garnis, Gasth�fe, Pensionen;113077;62925
4011;Stadt Bremen;2009-08;Sonstige Einrichtungen 3);7779;3638
4011;Stadt Bremen;2009-08;Insgesamt;120856;66563
4011;Stadt Bremen;2009-07;Hotels, Hotels garnis, Gasth�fe, Pensionen;96678;55645
4011;Stadt Bremen;2009-07;Sonstige Einrichtungen 3);7819;3865
4011;Stadt Bremen;2009-07;Insgesamt;104497;59510
4011;Stadt Bremen;2009-06;Hotels, Hotels garnis, Gasth�fe, Pensionen;107075;61859
4011;Stadt Bremen;2009-06;Sonstige Einrichtungen 3);7027;3425
4011;Stadt Bremen;2009-06;Insgesamt;114102;65284
4011;Stadt Bremen;2009-05;Hotels, Hotels garnis, Gasth�fe, Pensionen;122662;68266
4011;Stadt Bremen;2009-05;Sonstige Einrichtungen 3);6565;2544
4011;Stadt Bremen;2009-05;Insgesamt;129227;70810
4011;Stadt Bremen;2009-04;Hotels, Hotels garnis, Gasth�fe, Pensionen;99446;58783
4011;Stadt Bremen;2009-04;Sonstige Einrichtungen 3);8260;3560
4011;Stadt Bremen;2009-04;Insgesamt;107706;62343
4011;Stadt Bremen;2009-03;Hotels, Hotels garnis, Gasth�fe, Pensionen;94212;55780
4011;Stadt Bremen;2009-03;Sonstige Einrichtungen 3);4866;2254
4011;Stadt Bremen;2009-03;Insgesamt;99078;58034
4011;Stadt Bremen;2009-02;Hotels, Hotels garnis, Gasth�fe, Pensionen;85827;51874
4011;Stadt Bremen;2009-02;Sonstige Einrichtungen 3);4275;1933
4011;Stadt Bremen;2009-02;Insgesamt;90102;53807
4011;Stadt Bremen;2009-01;Hotels, Hotels garnis, Gasth�fe, Pensionen;73349;44328
4011;Stadt Bremen;2009-01;Sonstige Einrichtungen 3);3105;1475
4011;Stadt Bremen;2009-01;Insgesamt;76454;45803
4011;Stadt Bremen;2008-12;Hotels, Hotels garnis, Gasth�fe, Pensionen;101126;61323
4011;Stadt Bremen;2008-12;Sonstige Einrichtungen 3);4518;2501
4011;Stadt Bremen;2008-12;Insgesamt;105644;63824
4011;Stadt Bremen;2008-11;Hotels, Hotels garnis, Gasth�fe, Pensionen;112325;67617
4011;Stadt Bremen;2008-11;Sonstige Einrichtungen 3);5020;2368
4011;Stadt Bremen;2008-11;Insgesamt;117345;69985
4011;Stadt Bremen;2008-10;Hotels, Hotels garnis, Gasth�fe, Pensionen;119189;67567
4011;Stadt Bremen;2008-10;Sonstige Einrichtungen 3);7612;3627
4011;Stadt Bremen;2008-10;Insgesamt;126801;71194
4011;Stadt Bremen;2008-09;Hotels, Hotels garnis, Gasth�fe, Pensionen;124515;72796
4011;Stadt Bremen;2008-09;Sonstige Einrichtungen 3);7816;3206
4011;Stadt Bremen;2008-09;Insgesamt;132331;76002
4011;Stadt Bremen;2008-08;Hotels, Hotels garnis, Gasth�fe, Pensionen;113722;63345
4011;Stadt Bremen;2008-08;Sonstige Einrichtungen 3);8097;3919
4011;Stadt Bremen;2008-08;Insgesamt;121819;67264
4011;Stadt Bremen;2008-07;Hotels, Hotels garnis, Gasth�fe, Pensionen;101973;56298
4011;Stadt Bremen;2008-07;Sonstige Einrichtungen 3);6907;3401
4011;Stadt Bremen;2008-07;Insgesamt;108880;59699
4011;Stadt Bremen;2008-06;Hotels, Hotels garnis, Gasth�fe, Pensionen;109662;65063
4011;Stadt Bremen;2008-06;Sonstige Einrichtungen 3);7915;3411
4011;Stadt Bremen;2008-06;Insgesamt;117577;68474
4011;Stadt Bremen;2008-05;Hotels, Hotels garnis, Gasth�fe, Pensionen;110661;62620
4011;Stadt Bremen;2008-05;Sonstige Einrichtungen 3);8618;3244
4011;Stadt Bremen;2008-05;Insgesamt;119279;65864
4011;Stadt Bremen;2008-04;Hotels, Hotels garnis, Gasth�fe, Pensionen;106178;64769
4011;Stadt Bremen;2008-04;Sonstige Einrichtungen 3);7514;3103
4011;Stadt Bremen;2008-04;Insgesamt;113692;67872
4011;Stadt Bremen;2008-03;Hotels, Hotels garnis, Gasth�fe, Pensionen;91334;52736
4011;Stadt Bremen;2008-03;Sonstige Einrichtungen 3);6260;2868
4011;Stadt Bremen;2008-03;Insgesamt;97594;55604
4011;Stadt Bremen;2008-02;Hotels, Hotels garnis, Gasth�fe, Pensionen;96795;58960
4011;Stadt Bremen;2008-02;Sonstige Einrichtungen 3);4419;1931
4011;Stadt Bremen;2008-02;Insgesamt;101214;60891
4011;Stadt Bremen;2008-01;Hotels, Hotels garnis, Gasth�fe, Pensionen;87756;53532
4011;Stadt Bremen;2008-01;Sonstige Einrichtungen 3);3971;1657
4011;Stadt Bremen;2008-01;Insgesamt;91727;55189
4012;Stadt Bremerhaven;2018-08;Hotels, Hotels garnis, Gasth�fe, Pensionen;44327;25379
4012;Stadt Bremerhaven;2018-08;Sonstige Einrichtungen 3);3792;1551
4012;Stadt Bremerhaven;2018-08;Insgesamt;48119;26930
4012;Stadt Bremerhaven;2018-07;Hotels, Hotels garnis, Gasth�fe, Pensionen;41679;23970
4012;Stadt Bremerhaven;2018-07;Sonstige Einrichtungen 3);3917;1773
4012;Stadt Bremerhaven;2018-07;Insgesamt;45596;25743
4012;Stadt Bremerhaven;2018-06;Hotels, Hotels garnis, Gasth�fe, Pensionen;38113;21729
4012;Stadt Bremerhaven;2018-06;Sonstige Einrichtungen 3);3818;1398
4012;Stadt Bremerhaven;2018-06;Insgesamt;41931;23127
4012;Stadt Bremerhaven;2018-05;Hotels, Hotels garnis, Gasth�fe, Pensionen;40281;23471
4012;Stadt Bremerhaven;2018-05;Sonstige Einrichtungen 3);3683;1647
4012;Stadt Bremerhaven;2018-05;Insgesamt;43964;25118
4012;Stadt Bremerhaven;2018-04;Hotels, Hotels garnis, Gasth�fe, Pensionen;31052;16813
4012;Stadt Bremerhaven;2018-04;Sonstige Einrichtungen 3);3131;1317
4012;Stadt Bremerhaven;2018-04;Insgesamt;34183;18130
4012;Stadt Bremerhaven;2018-03;Hotels, Hotels garnis, Gasth�fe, Pensionen;27678;14637
4012;Stadt Bremerhaven;2018-03;Sonstige Einrichtungen 3);3624;1270
4012;Stadt Bremerhaven;2018-03;Insgesamt;31302;15907
4012;Stadt Bremerhaven;2018-02;Hotels, Hotels garnis, Gasth�fe, Pensionen;24186;12494
4012;Stadt Bremerhaven;2018-02;Sonstige Einrichtungen 3);1831;939
4012;Stadt Bremerhaven;2018-02;Insgesamt;26017;13433
4012;Stadt Bremerhaven;2018-01;Hotels, Hotels garnis, Gasth�fe, Pensionen;20543;10913
4012;Stadt Bremerhaven;2018-01;Sonstige Einrichtungen 3);1315;602
4012;Stadt Bremerhaven;2018-01;Insgesamt;21858;11515
4012;Stadt Bremerhaven;2017-12;Hotels, Hotels garnis, Gasth�fe, Pensionen;21064;11875
4012;Stadt Bremerhaven;2017-12;Sonstige Einrichtungen 3);1638;622
4012;Stadt Bremerhaven;2017-12;Insgesamt;22702;12497
4012;Stadt Bremerhaven;2017-11;Hotels, Hotels garnis, Gasth�fe, Pensionen;23842;12854
4012;Stadt Bremerhaven;2017-11;Sonstige Einrichtungen 3);2211;960
4012;Stadt Bremerhaven;2017-11;Insgesamt;26053;13814
4012;Stadt Bremerhaven;2017-10;Hotels, Hotels garnis, Gasth�fe, Pensionen;33750;17759
4012;Stadt Bremerhaven;2017-10;Sonstige Einrichtungen 3);3545;1403
4012;Stadt Bremerhaven;2017-10;Insgesamt;37295;19162
4012;Stadt Bremerhaven;2017-09;Hotels, Hotels garnis, Gasth�fe, Pensionen;33998;19841
4012;Stadt Bremerhaven;2017-09;Sonstige Einrichtungen 3);4150;1685
4012;Stadt Bremerhaven;2017-09;Insgesamt;38148;21526
4012;Stadt Bremerhaven;2017-08;Hotels, Hotels garnis, Gasth�fe, Pensionen;39216;21583
4012;Stadt Bremerhaven;2017-08;Sonstige Einrichtungen 3);4227;1774
4012;Stadt Bremerhaven;2017-08;Insgesamt;43443;23357
4012;Stadt Bremerhaven;2017-07;Hotels, Hotels garnis, Gasth�fe, Pensionen;35823;20370
4012;Stadt Bremerhaven;2017-07;Sonstige Einrichtungen 3);4130;1838
4012;Stadt Bremerhaven;2017-07;Insgesamt;39953;22208
4012;Stadt Bremerhaven;2017-06;Hotels, Hotels garnis, Gasth�fe, Pensionen;34736;19830
4012;Stadt Bremerhaven;2017-06;Sonstige Einrichtungen 3);4058;1831
4012;Stadt Bremerhaven;2017-06;Insgesamt;38794;21661
4012;Stadt Bremerhaven;2017-05;Hotels, Hotels garnis, Gasth�fe, Pensionen;33371;18645
4012;Stadt Bremerhaven;2017-05;Sonstige Einrichtungen 3);4191;1723
4012;Stadt Bremerhaven;2017-05;Insgesamt;37562;20368
4012;Stadt Bremerhaven;2017-04;Hotels, Hotels garnis, Gasth�fe, Pensionen;28325;14961
4012;Stadt Bremerhaven;2017-04;Sonstige Einrichtungen 3);4035;1615
4012;Stadt Bremerhaven;2017-04;Insgesamt;32360;16576
4012;Stadt Bremerhaven;2017-03;Hotels, Hotels garnis, Gasth�fe, Pensionen;24252;12368
4012;Stadt Bremerhaven;2017-03;Sonstige Einrichtungen 3);2576;930
4012;Stadt Bremerhaven;2017-03;Insgesamt;26828;13298
4012;Stadt Bremerhaven;2017-02;Hotels, Hotels garnis, Gasth�fe, Pensionen;22063;11388
4012;Stadt Bremerhaven;2017-02;Sonstige Einrichtungen 3);1297;510
4012;Stadt Bremerhaven;2017-02;Insgesamt;23360;11898
4012;Stadt Bremerhaven;2017-01;Hotels, Hotels garnis, Gasth�fe, Pensionen;19680;10867
4012;Stadt Bremerhaven;2017-01;Sonstige Einrichtungen 3);1020;418
4012;Stadt Bremerhaven;2017-01;Insgesamt;20700;11285
4012;Stadt Bremerhaven;2016-12;Hotels, Hotels garnis, Gasth�fe, Pensionen;20114;11308
4012;Stadt Bremerhaven;2016-12;Sonstige Einrichtungen 3);984;417
4012;Stadt Bremerhaven;2016-12;Insgesamt;21098;11725
4012;Stadt Bremerhaven;2016-11;Hotels, Hotels garnis, Gasth�fe, Pensionen;22338;12571
4012;Stadt Bremerhaven;2016-11;Sonstige Einrichtungen 3);1137;557
4012;Stadt Bremerhaven;2016-11;Insgesamt;23475;13128
4012;Stadt Bremerhaven;2016-10;Hotels, Hotels garnis, Gasth�fe, Pensionen;31250;17462
4012;Stadt Bremerhaven;2016-10;Sonstige Einrichtungen 3);3798;1518
4012;Stadt Bremerhaven;2016-10;Insgesamt;35048;18980
4012;Stadt Bremerhaven;2016-09;Hotels, Hotels garnis, Gasth�fe, Pensionen;33578;19472
4012;Stadt Bremerhaven;2016-09;Sonstige Einrichtungen 3);3396;1307
4012;Stadt Bremerhaven;2016-09;Insgesamt;36974;20779
4012;Stadt Bremerhaven;2016-08;Hotels, Hotels garnis, Gasth�fe, Pensionen;38245;20725
4012;Stadt Bremerhaven;2016-08;Sonstige Einrichtungen 3);3947;1527
4012;Stadt Bremerhaven;2016-08;Insgesamt;42192;22252
4012;Stadt Bremerhaven;2016-07;Hotels, Hotels garnis, Gasth�fe, Pensionen;36229;19226
4012;Stadt Bremerhaven;2016-07;Sonstige Einrichtungen 3);4033;1724
4012;Stadt Bremerhaven;2016-07;Insgesamt;40262;20950
4012;Stadt Bremerhaven;2016-06;Hotels, Hotels garnis, Gasth�fe, Pensionen;32371;17836
4012;Stadt Bremerhaven;2016-06;Sonstige Einrichtungen 3);3624;1435
4012;Stadt Bremerhaven;2016-06;Insgesamt;35995;19271
4012;Stadt Bremerhaven;2016-05;Hotels, Hotels garnis, Gasth�fe, Pensionen;36659;18628
4012;Stadt Bremerhaven;2016-05;Sonstige Einrichtungen 3);3969;1692
4012;Stadt Bremerhaven;2016-05;Insgesamt;40628;20320
4012;Stadt Bremerhaven;2016-04;Hotels, Hotels garnis, Gasth�fe, Pensionen;29590;14558
4012;Stadt Bremerhaven;2016-04;Sonstige Einrichtungen 3);2582;1077
4012;Stadt Bremerhaven;2016-04;Insgesamt;32172;15635
4012;Stadt Bremerhaven;2016-03;Hotels, Hotels garnis, Gasth�fe, Pensionen;26834;13765
4012;Stadt Bremerhaven;2016-03;Sonstige Einrichtungen 3);3202;1047
4012;Stadt Bremerhaven;2016-03;Insgesamt;30036;14812
4012;Stadt Bremerhaven;2016-02;Hotels, Hotels garnis, Gasth�fe, Pensionen;19953;11133
4012;Stadt Bremerhaven;2016-02;Sonstige Einrichtungen 3);1563;775
4012;Stadt Bremerhaven;2016-02;Insgesamt;21516;11908
4012;Stadt Bremerhaven;2016-01;Hotels, Hotels garnis, Gasth�fe, Pensionen;20438;9680
4012;Stadt Bremerhaven;2016-01;Sonstige Einrichtungen 3);1510;667
4012;Stadt Bremerhaven;2016-01;Insgesamt;21948;10347
4012;Stadt Bremerhaven;2015-12;Hotels, Hotels garnis, Gasth�fe, Pensionen;21695;10898
4012;Stadt Bremerhaven;2015-12;Sonstige Einrichtungen 3);1975;607
4012;Stadt Bremerhaven;2015-12;Insgesamt;23670;11505
4012;Stadt Bremerhaven;2015-11;Hotels, Hotels garnis, Gasth�fe, Pensionen;26192;13578
4012;Stadt Bremerhaven;2015-11;Sonstige Einrichtungen 3);1754;546
4012;Stadt Bremerhaven;2015-11;Insgesamt;27946;14124
4012;Stadt Bremerhaven;2015-10;Hotels, Hotels garnis, Gasth�fe, Pensionen;29948;16197
4012;Stadt Bremerhaven;2015-10;Sonstige Einrichtungen 3);3170;1315
4012;Stadt Bremerhaven;2015-10;Insgesamt;33118;17512
4012;Stadt Bremerhaven;2015-09;Hotels, Hotels garnis, Gasth�fe, Pensionen;32841;16675
4012;Stadt Bremerhaven;2015-09;Sonstige Einrichtungen 3);3399;1263
4012;Stadt Bremerhaven;2015-09;Insgesamt;36240;17938
4012;Stadt Bremerhaven;2015-08;Hotels, Hotels garnis, Gasth�fe, Pensionen;36225;17920
4012;Stadt Bremerhaven;2015-08;Sonstige Einrichtungen 3);4294;1689
4012;Stadt Bremerhaven;2015-08;Insgesamt;40519;19609
4012;Stadt Bremerhaven;2015-07;Hotels, Hotels garnis, Gasth�fe, Pensionen;30177;16222
4012;Stadt Bremerhaven;2015-07;Sonstige Einrichtungen 3);4289;1841
4012;Stadt Bremerhaven;2015-07;Insgesamt;34466;18063
4012;Stadt Bremerhaven;2015-06;Hotels, Hotels garnis, Gasth�fe, Pensionen;28664;15578
4012;Stadt Bremerhaven;2015-06;Sonstige Einrichtungen 3);3535;1443
4012;Stadt Bremerhaven;2015-06;Insgesamt;32199;17021
4012;Stadt Bremerhaven;2015-05;Hotels, Hotels garnis, Gasth�fe, Pensionen;31623;17082
4012;Stadt Bremerhaven;2015-05;Sonstige Einrichtungen 3);4025;1714
4012;Stadt Bremerhaven;2015-05;Insgesamt;35648;18796
4012;Stadt Bremerhaven;2015-04;Hotels, Hotels garnis, Gasth�fe, Pensionen;25873;14139
4012;Stadt Bremerhaven;2015-04;Sonstige Einrichtungen 3);3927;1299
4012;Stadt Bremerhaven;2015-04;Insgesamt;29800;15438
4012;Stadt Bremerhaven;2015-03;Hotels, Hotels garnis, Gasth�fe, Pensionen;24354;12044
4012;Stadt Bremerhaven;2015-03;Sonstige Einrichtungen 3);2227;991
4012;Stadt Bremerhaven;2015-03;Insgesamt;26581;13035
4012;Stadt Bremerhaven;2015-02;Hotels, Hotels garnis, Gasth�fe, Pensionen;19708;10172
4012;Stadt Bremerhaven;2015-02;Sonstige Einrichtungen 3);1504;856
4012;Stadt Bremerhaven;2015-02;Insgesamt;21212;11028
4012;Stadt Bremerhaven;2015-01;Hotels, Hotels garnis, Gasth�fe, Pensionen;17823;9135
4012;Stadt Bremerhaven;2015-01;Sonstige Einrichtungen 3);1335;593
4012;Stadt Bremerhaven;2015-01;Insgesamt;19158;9728
4012;Stadt Bremerhaven;2014-12;Hotels, Hotels garnis, Gasth�fe, Pensionen;20808;10844
4012;Stadt Bremerhaven;2014-12;Sonstige Einrichtungen 3);577;301
4012;Stadt Bremerhaven;2014-12;Insgesamt;21385;11145
4012;Stadt Bremerhaven;2014-11;Hotels, Hotels garnis, Gasth�fe, Pensionen;23887;12508
4012;Stadt Bremerhaven;2014-11;Sonstige Einrichtungen 3);1560;730
4012;Stadt Bremerhaven;2014-11;Insgesamt;25447;13238
4012;Stadt Bremerhaven;2014-10;Hotels, Hotels garnis, Gasth�fe, Pensionen;33106;16112
4012;Stadt Bremerhaven;2014-10;Sonstige Einrichtungen 3);3627;1449
4012;Stadt Bremerhaven;2014-10;Insgesamt;36733;17561
4012;Stadt Bremerhaven;2014-09;Hotels, Hotels garnis, Gasth�fe, Pensionen;32538;16926
4012;Stadt Bremerhaven;2014-09;Sonstige Einrichtungen 3);3397;1232
4012;Stadt Bremerhaven;2014-09;Insgesamt;35935;18158
4012;Stadt Bremerhaven;2014-08;Hotels, Hotels garnis, Gasth�fe, Pensionen;33252;16679
4012;Stadt Bremerhaven;2014-08;Sonstige Einrichtungen 3);3886;1541
4012;Stadt Bremerhaven;2014-08;Insgesamt;37138;18220
4012;Stadt Bremerhaven;2014-07;Hotels, Hotels garnis, Gasth�fe, Pensionen;30764;15938
4012;Stadt Bremerhaven;2014-07;Sonstige Einrichtungen 3);4192;1771
4012;Stadt Bremerhaven;2014-07;Insgesamt;34956;17709
4012;Stadt Bremerhaven;2014-06;Hotels, Hotels garnis, Gasth�fe, Pensionen;30560;15308
4012;Stadt Bremerhaven;2014-06;Sonstige Einrichtungen 3);3232;1448
4012;Stadt Bremerhaven;2014-06;Insgesamt;33792;16756
4012;Stadt Bremerhaven;2014-05;Hotels, Hotels garnis, Gasth�fe, Pensionen;33208;16272
4012;Stadt Bremerhaven;2014-05;Sonstige Einrichtungen 3);3234;1344
4012;Stadt Bremerhaven;2014-05;Insgesamt;36442;17616
4012;Stadt Bremerhaven;2014-04;Hotels, Hotels garnis, Gasth�fe, Pensionen;24401;12821
4012;Stadt Bremerhaven;2014-04;Sonstige Einrichtungen 3);3375;1305
4012;Stadt Bremerhaven;2014-04;Insgesamt;27776;14126
4012;Stadt Bremerhaven;2014-03;Hotels, Hotels garnis, Gasth�fe, Pensionen;22576;12123
4012;Stadt Bremerhaven;2014-03;Sonstige Einrichtungen 3);3066;1139
4012;Stadt Bremerhaven;2014-03;Insgesamt;25642;13262
4012;Stadt Bremerhaven;2014-02;Hotels, Hotels garnis, Gasth�fe, Pensionen;19146;9270
4012;Stadt Bremerhaven;2014-02;Sonstige Einrichtungen 3);1642;619
4012;Stadt Bremerhaven;2014-02;Insgesamt;20788;9889
4012;Stadt Bremerhaven;2014-01;Hotels, Hotels garnis, Gasth�fe, Pensionen;16718;8603
4012;Stadt Bremerhaven;2014-01;Sonstige Einrichtungen 3);1566;651
4012;Stadt Bremerhaven;2014-01;Insgesamt;18284;9254
4012;Stadt Bremerhaven;2013-12;Hotels, Hotels garnis, Gasth�fe, Pensionen;19058;10098
4012;Stadt Bremerhaven;2013-12;Sonstige Einrichtungen 3);770;384
4012;Stadt Bremerhaven;2013-12;Insgesamt;19828;10482
4012;Stadt Bremerhaven;2013-11;Hotels, Hotels garnis, Gasth�fe, Pensionen;21725;11794
4012;Stadt Bremerhaven;2013-11;Sonstige Einrichtungen 3);1786;838
4012;Stadt Bremerhaven;2013-11;Insgesamt;23511;12632
4012;Stadt Bremerhaven;2013-10;Hotels, Hotels garnis, Gasth�fe, Pensionen;29456;14912
4012;Stadt Bremerhaven;2013-10;Sonstige Einrichtungen 3);4166;1657
4012;Stadt Bremerhaven;2013-10;Insgesamt;33622;16569
4012;Stadt Bremerhaven;2013-09;Hotels, Hotels garnis, Gasth�fe, Pensionen;31318;16108
4012;Stadt Bremerhaven;2013-09;Sonstige Einrichtungen 3);3435;1333
4012;Stadt Bremerhaven;2013-09;Insgesamt;34753;17441
4012;Stadt Bremerhaven;2013-08;Hotels, Hotels garnis, Gasth�fe, Pensionen;32059;16116
4012;Stadt Bremerhaven;2013-08;Sonstige Einrichtungen 3);4214;1645
4012;Stadt Bremerhaven;2013-08;Insgesamt;36273;17761
4012;Stadt Bremerhaven;2013-07;Hotels, Hotels garnis, Gasth�fe, Pensionen;30124;14963
4012;Stadt Bremerhaven;2013-07;Sonstige Einrichtungen 3);3638;1564
4012;Stadt Bremerhaven;2013-07;Insgesamt;33762;16527
4012;Stadt Bremerhaven;2013-06;Hotels, Hotels garnis, Gasth�fe, Pensionen;27710;14470
4012;Stadt Bremerhaven;2013-06;Sonstige Einrichtungen 3);3713;1588
4012;Stadt Bremerhaven;2013-06;Insgesamt;31423;16058
4012;Stadt Bremerhaven;2013-05;Hotels, Hotels garnis, Gasth�fe, Pensionen;27429;14134
4012;Stadt Bremerhaven;2013-05;Sonstige Einrichtungen 3);3762;1653
4012;Stadt Bremerhaven;2013-05;Insgesamt;31191;15787
4012;Stadt Bremerhaven;2013-04;Hotels, Hotels garnis, Gasth�fe, Pensionen;23716;12050
4012;Stadt Bremerhaven;2013-04;Sonstige Einrichtungen 3);2657;952
4012;Stadt Bremerhaven;2013-04;Insgesamt;26373;13002
4012;Stadt Bremerhaven;2013-03;Hotels, Hotels garnis, Gasth�fe, Pensionen;20833;10488
4012;Stadt Bremerhaven;2013-03;Sonstige Einrichtungen 3);3410;1010
4012;Stadt Bremerhaven;2013-03;Insgesamt;24243;11498
4012;Stadt Bremerhaven;2013-02;Hotels, Hotels garnis, Gasth�fe, Pensionen;16659;8728
4012;Stadt Bremerhaven;2013-02;Sonstige Einrichtungen 3);1522;580
4012;Stadt Bremerhaven;2013-02;Insgesamt;18181;9308
4012;Stadt Bremerhaven;2013-01;Hotels, Hotels garnis, Gasth�fe, Pensionen;16964;8342
4012;Stadt Bremerhaven;2013-01;Sonstige Einrichtungen 3);818;324
4012;Stadt Bremerhaven;2013-01;Insgesamt;17782;8666
4012;Stadt Bremerhaven;2012-12;Hotels, Hotels garnis, Gasth�fe, Pensionen;18540;9543
4012;Stadt Bremerhaven;2012-12;Sonstige Einrichtungen 3);684;294
4012;Stadt Bremerhaven;2012-12;Insgesamt;19224;9837
4012;Stadt Bremerhaven;2012-11;Hotels, Hotels garnis, Gasth�fe, Pensionen;21685;11563
4012;Stadt Bremerhaven;2012-11;Sonstige Einrichtungen 3);2103;918
4012;Stadt Bremerhaven;2012-11;Insgesamt;23788;12481
4012;Stadt Bremerhaven;2012-10;Hotels, Hotels garnis, Gasth�fe, Pensionen;28043;13772
4012;Stadt Bremerhaven;2012-10;Sonstige Einrichtungen 3);4193;1521
4012;Stadt Bremerhaven;2012-10;Insgesamt;32236;15293
4012;Stadt Bremerhaven;2012-09;Hotels, Hotels garnis, Gasth�fe, Pensionen;28666;14255
4012;Stadt Bremerhaven;2012-09;Sonstige Einrichtungen 3);3809;1418
4012;Stadt Bremerhaven;2012-09;Insgesamt;32475;15673
4012;Stadt Bremerhaven;2012-08;Hotels, Hotels garnis, Gasth�fe, Pensionen;31024;15201
4012;Stadt Bremerhaven;2012-08;Sonstige Einrichtungen 3);4428;1752
4012;Stadt Bremerhaven;2012-08;Insgesamt;35452;16953
4012;Stadt Bremerhaven;2012-07;Hotels, Hotels garnis, Gasth�fe, Pensionen;30132;15044
4012;Stadt Bremerhaven;2012-07;Sonstige Einrichtungen 3);4621;1835
4012;Stadt Bremerhaven;2012-07;Insgesamt;34753;16879
4012;Stadt Bremerhaven;2012-06;Hotels, Hotels garnis, Gasth�fe, Pensionen;28511;14473
4012;Stadt Bremerhaven;2012-06;Sonstige Einrichtungen 3);3529;1354
4012;Stadt Bremerhaven;2012-06;Insgesamt;32040;15827
4012;Stadt Bremerhaven;2012-05;Hotels, Hotels garnis, Gasth�fe, Pensionen;27621;14474
4012;Stadt Bremerhaven;2012-05;Sonstige Einrichtungen 3);3694;1510
4012;Stadt Bremerhaven;2012-05;Insgesamt;31315;15984
4012;Stadt Bremerhaven;2012-04;Hotels, Hotels garnis, Gasth�fe, Pensionen;25339;13081
4012;Stadt Bremerhaven;2012-04;Sonstige Einrichtungen 3);4175;1432
4012;Stadt Bremerhaven;2012-04;Insgesamt;29514;14513
4012;Stadt Bremerhaven;2012-03;Hotels, Hotels garnis, Gasth�fe, Pensionen;21377;10944
4012;Stadt Bremerhaven;2012-03;Sonstige Einrichtungen 3);2987;1171
4012;Stadt Bremerhaven;2012-03;Insgesamt;24364;12115
4012;Stadt Bremerhaven;2012-02;Hotels, Hotels garnis, Gasth�fe, Pensionen;18231;9385
4012;Stadt Bremerhaven;2012-02;Sonstige Einrichtungen 3);1723;717
4012;Stadt Bremerhaven;2012-02;Insgesamt;19954;10102
4012;Stadt Bremerhaven;2012-01;Hotels, Hotels garnis, Gasth�fe, Pensionen;17004;9076
4012;Stadt Bremerhaven;2012-01;Sonstige Einrichtungen 3);1137;489
4012;Stadt Bremerhaven;2012-01;Insgesamt;18141;9565
4012;Stadt Bremerhaven;2011-12;Hotels, Hotels garnis, Gasth�fe, Pensionen;19376;9878
4012;Stadt Bremerhaven;2011-12;Sonstige Einrichtungen 3);742;339
4012;Stadt Bremerhaven;2011-12;Insgesamt;20118;10217
4012;Stadt Bremerhaven;2011-11;Hotels, Hotels garnis, Gasth�fe, Pensionen;22752;11420
4012;Stadt Bremerhaven;2011-11;Sonstige Einrichtungen 3);4037;1781
4012;Stadt Bremerhaven;2011-11;Insgesamt;26789;13201
4012;Stadt Bremerhaven;2011-10;Hotels, Hotels garnis, Gasth�fe, Pensionen;30654;15883
4012;Stadt Bremerhaven;2011-10;Sonstige Einrichtungen 3);4023;1753
4012;Stadt Bremerhaven;2011-10;Insgesamt;34677;17636
4012;Stadt Bremerhaven;2011-09;Hotels, Hotels garnis, Gasth�fe, Pensionen;30384;15986
4012;Stadt Bremerhaven;2011-09;Sonstige Einrichtungen 3);3968;1377
4012;Stadt Bremerhaven;2011-09;Insgesamt;34352;17363
4012;Stadt Bremerhaven;2011-08;Hotels, Hotels garnis, Gasth�fe, Pensionen;32091;15965
4012;Stadt Bremerhaven;2011-08;Sonstige Einrichtungen 3);3812;1510
4012;Stadt Bremerhaven;2011-08;Insgesamt;35903;17475
4012;Stadt Bremerhaven;2011-07;Hotels, Hotels garnis, Gasth�fe, Pensionen;30293;15995
4012;Stadt Bremerhaven;2011-07;Sonstige Einrichtungen 3);4616;1766
4012;Stadt Bremerhaven;2011-07;Insgesamt;34909;17761
4012;Stadt Bremerhaven;2011-06;Hotels, Hotels garnis, Gasth�fe, Pensionen;31171;16242
4012;Stadt Bremerhaven;2011-06;Sonstige Einrichtungen 3);4182;1873
4012;Stadt Bremerhaven;2011-06;Insgesamt;35353;18115
4012;Stadt Bremerhaven;2011-05;Hotels, Hotels garnis, Gasth�fe, Pensionen;27865;14940
4012;Stadt Bremerhaven;2011-05;Sonstige Einrichtungen 3);3711;1491
4012;Stadt Bremerhaven;2011-05;Insgesamt;31576;16431
4012;Stadt Bremerhaven;2011-04;Hotels, Hotels garnis, Gasth�fe, Pensionen;25866;13225
4012;Stadt Bremerhaven;2011-04;Sonstige Einrichtungen 3);3921;1352
4012;Stadt Bremerhaven;2011-04;Insgesamt;29787;14577
4012;Stadt Bremerhaven;2011-03;Hotels, Hotels garnis, Gasth�fe, Pensionen;20745;10766
4012;Stadt Bremerhaven;2011-03;Sonstige Einrichtungen 3);1794;710
4012;Stadt Bremerhaven;2011-03;Insgesamt;22539;11476
4012;Stadt Bremerhaven;2011-02;Hotels, Hotels garnis, Gasth�fe, Pensionen;16309;8692
4012;Stadt Bremerhaven;2011-02;Sonstige Einrichtungen 3);1093;445
4012;Stadt Bremerhaven;2011-02;Insgesamt;17402;9137
4012;Stadt Bremerhaven;2011-01;Hotels, Hotels garnis, Gasth�fe, Pensionen;19503;8170
4012;Stadt Bremerhaven;2011-01;Sonstige Einrichtungen 3);1305;538
4012;Stadt Bremerhaven;2011-01;Insgesamt;20808;8708
4012;Stadt Bremerhaven;2010-12;Hotels, Hotels garnis, Gasth�fe, Pensionen;20617;8843
4012;Stadt Bremerhaven;2010-12;Sonstige Einrichtungen 3);1287;477
4012;Stadt Bremerhaven;2010-12;Insgesamt;21904;9320
4012;Stadt Bremerhaven;2010-11;Hotels, Hotels garnis, Gasth�fe, Pensionen;22625;11849
4012;Stadt Bremerhaven;2010-11;Sonstige Einrichtungen 3);1627;699
4012;Stadt Bremerhaven;2010-11;Insgesamt;24252;12548
4012;Stadt Bremerhaven;2010-10;Hotels, Hotels garnis, Gasth�fe, Pensionen;30706;16257
4012;Stadt Bremerhaven;2010-10;Sonstige Einrichtungen 3);4233;1708
4012;Stadt Bremerhaven;2010-10;Insgesamt;34939;17965
4012;Stadt Bremerhaven;2010-09;Hotels, Hotels garnis, Gasth�fe, Pensionen;28599;15201
4012;Stadt Bremerhaven;2010-09;Sonstige Einrichtungen 3);3720;1382
4012;Stadt Bremerhaven;2010-09;Insgesamt;32319;16583
4012;Stadt Bremerhaven;2010-08;Hotels, Hotels garnis, Gasth�fe, Pensionen;32017;15166
4012;Stadt Bremerhaven;2010-08;Sonstige Einrichtungen 3);3986;1839
4012;Stadt Bremerhaven;2010-08;Insgesamt;36003;17005
4012;Stadt Bremerhaven;2010-07;Hotels, Hotels garnis, Gasth�fe, Pensionen;29496;14920
4012;Stadt Bremerhaven;2010-07;Sonstige Einrichtungen 3);4080;1673
4012;Stadt Bremerhaven;2010-07;Insgesamt;33576;16593
4012;Stadt Bremerhaven;2010-06;Hotels, Hotels garnis, Gasth�fe, Pensionen;27319;13904
4012;Stadt Bremerhaven;2010-06;Sonstige Einrichtungen 3);3818;1673
4012;Stadt Bremerhaven;2010-06;Insgesamt;31137;15577
4012;Stadt Bremerhaven;2010-05;Hotels, Hotels garnis, Gasth�fe, Pensionen;28076;14763
4012;Stadt Bremerhaven;2010-05;Sonstige Einrichtungen 3);3697;1570
4012;Stadt Bremerhaven;2010-05;Insgesamt;31773;16333
4012;Stadt Bremerhaven;2010-04;Hotels, Hotels garnis, Gasth�fe, Pensionen;22907;11727
4012;Stadt Bremerhaven;2010-04;Sonstige Einrichtungen 3);3929;1225
4012;Stadt Bremerhaven;2010-04;Insgesamt;26836;12952
4012;Stadt Bremerhaven;2010-03;Hotels, Hotels garnis, Gasth�fe, Pensionen;20921;10677
4012;Stadt Bremerhaven;2010-03;Sonstige Einrichtungen 3);2423;919
4012;Stadt Bremerhaven;2010-03;Insgesamt;23344;11596
4012;Stadt Bremerhaven;2010-02;Hotels, Hotels garnis, Gasth�fe, Pensionen;15399;7920
4012;Stadt Bremerhaven;2010-02;Sonstige Einrichtungen 3);766;342
4012;Stadt Bremerhaven;2010-02;Insgesamt;16165;8262
4012;Stadt Bremerhaven;2010-01;Hotels, Hotels garnis, Gasth�fe, Pensionen;15311;8034
4012;Stadt Bremerhaven;2010-01;Sonstige Einrichtungen 3);1058;688
4012;Stadt Bremerhaven;2010-01;Insgesamt;16369;8722
4012;Stadt Bremerhaven;2009-12;Hotels, Hotels garnis, Gasth�fe, Pensionen;15346;7911
4012;Stadt Bremerhaven;2009-12;Sonstige Einrichtungen 3);1284;716
4012;Stadt Bremerhaven;2009-12;Insgesamt;16630;8627
4012;Stadt Bremerhaven;2009-11;Hotels, Hotels garnis, Gasth�fe, Pensionen;19079;10312
4012;Stadt Bremerhaven;2009-11;Sonstige Einrichtungen 3);1346;594
4012;Stadt Bremerhaven;2009-11;Insgesamt;20425;10906
4012;Stadt Bremerhaven;2009-10;Hotels, Hotels garnis, Gasth�fe, Pensionen;24173;12224
4012;Stadt Bremerhaven;2009-10;Sonstige Einrichtungen 3);3871;1669
4012;Stadt Bremerhaven;2009-10;Insgesamt;28044;13893
4012;Stadt Bremerhaven;2009-09;Hotels, Hotels garnis, Gasth�fe, Pensionen;25212;11757
4012;Stadt Bremerhaven;2009-09;Sonstige Einrichtungen 3);3252;1483
4012;Stadt Bremerhaven;2009-09;Insgesamt;28464;13240
4012;Stadt Bremerhaven;2009-08;Hotels, Hotels garnis, Gasth�fe, Pensionen;24678;12155
4012;Stadt Bremerhaven;2009-08;Sonstige Einrichtungen 3);4024;1521
4012;Stadt Bremerhaven;2009-08;Insgesamt;28702;13676
4012;Stadt Bremerhaven;2009-07;Hotels, Hotels garnis, Gasth�fe, Pensionen;22273;10666
4012;Stadt Bremerhaven;2009-07;Sonstige Einrichtungen 3);3955;1540
4012;Stadt Bremerhaven;2009-07;Insgesamt;26228;12206
4012;Stadt Bremerhaven;2009-06;Hotels, Hotels garnis, Gasth�fe, Pensionen;21558;11064
4012;Stadt Bremerhaven;2009-06;Sonstige Einrichtungen 3);2893;1220
4012;Stadt Bremerhaven;2009-06;Insgesamt;24451;12284
4012;Stadt Bremerhaven;2009-05;Hotels, Hotels garnis, Gasth�fe, Pensionen;23554;11399
4012;Stadt Bremerhaven;2009-05;Sonstige Einrichtungen 3);3688;1260
4012;Stadt Bremerhaven;2009-05;Insgesamt;27242;12659
4012;Stadt Bremerhaven;2009-04;Hotels, Hotels garnis, Gasth�fe, Pensionen;18455;8654
4012;Stadt Bremerhaven;2009-04;Sonstige Einrichtungen 3);2901;817
4012;Stadt Bremerhaven;2009-04;Insgesamt;21356;9471
4012;Stadt Bremerhaven;2009-03;Hotels, Hotels garnis, Gasth�fe, Pensionen;17936;8019
4012;Stadt Bremerhaven;2009-03;Sonstige Einrichtungen 3);1019;433
4012;Stadt Bremerhaven;2009-03;Insgesamt;18955;8452
4012;Stadt Bremerhaven;2009-02;Hotels, Hotels garnis, Gasth�fe, Pensionen;14796;6906
4012;Stadt Bremerhaven;2009-02;Sonstige Einrichtungen 3);1048;479
4012;Stadt Bremerhaven;2009-02;Insgesamt;15844;7385
4012;Stadt Bremerhaven;2009-01;Hotels, Hotels garnis, Gasth�fe, Pensionen;13059;6114
4012;Stadt Bremerhaven;2009-01;Sonstige Einrichtungen 3);880;321
4012;Stadt Bremerhaven;2009-01;Insgesamt;13939;6435
4012;Stadt Bremerhaven;2008-12;Hotels, Hotels garnis, Gasth�fe, Pensionen;13080;6861
4012;Stadt Bremerhaven;2008-12;Sonstige Einrichtungen 3);2098;810
4012;Stadt Bremerhaven;2008-12;Insgesamt;15178;7671
4012;Stadt Bremerhaven;2008-11;Hotels, Hotels garnis, Gasth�fe, Pensionen;16107;7599
4012;Stadt Bremerhaven;2008-11;Sonstige Einrichtungen 3);2195;795
4012;Stadt Bremerhaven;2008-11;Insgesamt;18302;8394
4012;Stadt Bremerhaven;2008-10;Hotels, Hotels garnis, Gasth�fe, Pensionen;21510;10617
4012;Stadt Bremerhaven;2008-10;Sonstige Einrichtungen 3);3244;1212
4012;Stadt Bremerhaven;2008-10;Insgesamt;24754;11829
4012;Stadt Bremerhaven;2008-09;Hotels, Hotels garnis, Gasth�fe, Pensionen;22577;11801
4012;Stadt Bremerhaven;2008-09;Sonstige Einrichtungen 3);4477;1583
4012;Stadt Bremerhaven;2008-09;Insgesamt;27054;13384
4012;Stadt Bremerhaven;2008-08;Hotels, Hotels garnis, Gasth�fe, Pensionen;24916;11940
4012;Stadt Bremerhaven;2008-08;Sonstige Einrichtungen 3);4861;2016
4012;Stadt Bremerhaven;2008-08;Insgesamt;29777;13956
4012;Stadt Bremerhaven;2008-07;Hotels, Hotels garnis, Gasth�fe, Pensionen;23182;12722
4012;Stadt Bremerhaven;2008-07;Sonstige Einrichtungen 3);4848;1997
4012;Stadt Bremerhaven;2008-07;Insgesamt;28030;14719
4012;Stadt Bremerhaven;2008-06;Hotels, Hotels garnis, Gasth�fe, Pensionen;20998;12271
4012;Stadt Bremerhaven;2008-06;Sonstige Einrichtungen 3);2874;1429
4012;Stadt Bremerhaven;2008-06;Insgesamt;23872;13700
4012;Stadt Bremerhaven;2008-05;Hotels, Hotels garnis, Gasth�fe, Pensionen;21578;12376
4012;Stadt Bremerhaven;2008-05;Sonstige Einrichtungen 3);4275;1710
4012;Stadt Bremerhaven;2008-05;Insgesamt;25853;14086
4012;Stadt Bremerhaven;2008-04;Hotels, Hotels garnis, Gasth�fe, Pensionen;17164;9835
4012;Stadt Bremerhaven;2008-04;Sonstige Einrichtungen 3);2426;1002
4012;Stadt Bremerhaven;2008-04;Insgesamt;19590;10837
4012;Stadt Bremerhaven;2008-03;Hotels, Hotels garnis, Gasth�fe, Pensionen;18902;10911
4012;Stadt Bremerhaven;2008-03;Sonstige Einrichtungen 3);3416;878
4012;Stadt Bremerhaven;2008-03;Insgesamt;22318;11789
4012;Stadt Bremerhaven;2008-02;Hotels, Hotels garnis, Gasth�fe, Pensionen;12187;6612
4012;Stadt Bremerhaven;2008-02;Sonstige Einrichtungen 3);1569;645
4012;Stadt Bremerhaven;2008-02;Insgesamt;13756;7257
4012;Stadt Bremerhaven;2008-01;Hotels, Hotels garnis, Gasth�fe, Pensionen;12265;5865
4012;Stadt Bremerhaven;2008-01;Sonstige Einrichtungen 3);1148;560
4012;Stadt Bremerhaven;2008-01;Insgesamt;13413;6425
;;;;;
1) Bis 2011: Betriebe mit 9 oder mehr Betten, ab 2012: Betriebe mit 10 oder mehr Betten.;;;;;
;;;;;
2) Bei Campingpl�tzen wird 1 Stellplatz in 4 Schafgelegenheiten umgerechnet.;;;;;
;;;;;
3) Erholungs- und Ferienheime, Schulungsheime, Schullandheime, Ferienh�user und Ferienwohnungen, Ferienzentren, H�tten, Jugendherbergen und jugendherbergs�hnliche Einrichtungen, Vorsorge- und Rehabilitationseinrichtungen, Campingpl�tze.;;;;;
;;;;;
4) Die ausgewiesenen Werte beinhalten auch r�ckwirkende Korrekturen der Merkmale (durch Auskunftspflichtige).;;;;;
;;;;;
;;;;;
� Statistisches Landesamt Bremen;;;;;
